dataset,roc_auc_mean,pr_auc_mean,roc_auc_std,pr_auc_std
tox21,0.5833333333333334,0.5499999999999999,0.02946278254943948,0.011785113019775804
